iteration,total_runs,mean,standard_deviation,min,max,0,1,2,3,4,5,6
0,0,1.74892,1.57089,0.237839,4.47498,1.5313,1.5316,0.812385,0.237839,4.47498,0.394082,3.26027
1,103,1.27059,1.21115,0.166924,3.12013,1.38497,0.921,0.33771,0.166924,2.72017,0.243191,3.12013
2,206,0.956733,1.00626,0.132181,2.98337,1.24639,0.790905,0.248864,0.132181,1.14002,0.155406,2.98337
3,309,0.727724,0.947395,0.0997479,2.70994,1.07983,0.686688,0.147557,0.111767,0.258532,0.0997479,2.70994
