iteration,total_runs,mean,standard_deviation,min,max,0,1,2,3,4,5,6,7,8,9,10,11,12,13,14,15,16,17,18,19,20,21,22,23,24,25,26,27,28,BASE
0,30,0,0,0,0,0,0,0,0,0,0,0,0,0,0,0,0,0,0,0,0,0,0,0,0,0,0,0,0,0,0,0,0,0,0
1,156,0.843405,1.00806,0.00383687,4.21451,0.212363,0.131431,0.00383687,1.8675,0.861146,0.34489,2.15407,0.142337,4.21451,1.59227,0.219957,1.24142,0.353118,0.050055,2.83779,0.359767,1.18655,0.944626,0.670453,0.486473,0.163031,0.557813,0.102305,0.0579812,0.0593262,0.575898,1.16102,2.5495,0.077384,0.123336
2,282,1.16023,1.27232,0.00570674,5.54529,0.266466,0.277538,0.00570674,2.38112,1.21591,0.544666,2.32016,0.456105,5.54529,1.76293,0.42462,1.32433,0.769971,0.0841347,3.93825,0.712009,1.65374,1.66791,1.06636,0.732191,0.239788,0.892781,0.238531,0.130015,0.0836656,0.885374,1.66876,3.15871,0.178874,0.180915
3,382,1.16023,1.27232,0.00570674,5.54529,0.266466,0.277538,0.00570674,2.38112,1.21591,0.544666,2.32016,0.456105,5.54529,1.76293,0.42462,1.32433,0.769971,0.0841347,3.93825,0.712009,1.65374,1.66791,1.06636,0.732191,0.239788,0.892781,0.238531,0.130015,0.0836656,0.885374,1.66876,3.15871,0.178874,0.180915
