real_name,STAGE,K_01,K_02,K_03,K_04,K_05,K_06,K_07,K_08,K_09,K_10
0,1,2.5,1.50092,1.18333,3.40474,1.71467,8.1492,0.773824,5.7165,1.96117,2.5
1,1,2.5,2.15024,0.623291,1.09969,1.55908,0.420452,0.795469,2.47355,7.31399,2.5
2,1,2.5,12.2021,0.31652,3.64642,0.328511,2.79731,2.04181,7.28038,0.843481,2.5
3,1,2.5,3.69924,7.17021,1.46029,0.621274,1.23986,2.48399,13.1032,1.84631,2.5
4,1,2.5,7.16967,17.2823,1.66098,0.857856,1.75195,1.4899,1.60039,0.430588,2.5
5,1,2.5,3.03523,2.88144,17.6634,1.76858,0.731531,0.556671,17.6554,4.05777,2.5
6,1,2.5,1.24103,9.37992,2.32511,0.558457,10.6264,2.24121,1.02918,1.63222,2.5
