iteration,total_runs,mean,standard_deviation,min,max,0,1,2,3,4,5,6,7,8,9,10,11,12,13,14,15,16,17,18,19,20,21,22,23,24,25,26,27,28,BASE
0,30,0,0,0,0,0,0,0,0,0,0,0,0,0,0,0,0,0,0,0,0,0,0,0,0,0,0,0,0,0,0,0,0,0,0
1,156,0.00695038,0.00881028,2.61399e-05,0.0370152,0.00186426,0.000454131,2.61399e-05,0.0154876,0.00699624,0.00207789,0.0178462,0.000288991,0.0370152,0.013539,0.000906109,0.0103886,0.00231793,0.000439411,0.0247686,0.00290555,0.0100876,0.00809357,0.00588133,0.00417206,0.00117368,0.00308822,0.000707927,0.000385067,0.000500148,0.00503656,0.0097289,0.0210454,0.000223013,0.00106589
2,282,0.589726,0.713672,0.00240317,2.94403,0.157646,0.051052,0.00240317,1.32874,0.648958,0.200834,1.32792,0.0423528,2.94403,1.05653,0.0946046,0.794715,0.218898,0.0407248,2.15831,0.270121,0.923551,0.754317,0.541912,0.386795,0.110477,0.277598,0.0688057,0.0376837,0.0440223,0.458351,0.896913,1.72972,0.0262921,0.0975254
3,408,1.85024,1.88864,0.00896552,7.68925,0.416151,0.517842,0.00896552,3.5168,2.38671,0.901108,2.04876,0.840342,7.68925,2.03886,0.668025,1.25622,1.53905,0.18902,6.98711,1.53911,3.19273,3.69847,2.27042,1.54428,0.430329,1.21453,0.522892,0.283722,0.146362,1.80388,3.24366,3.94672,0.295114,0.370817
