iteration,total_runs,mean,standard_deviation,min,max,0,1,2,3,4,5,6,7,8,9,10,11,12,13,14,15,16,17,18,19,20,21,22,23,24,25,26,27,28,BASE
0,30,0,0,0,0,0,0,0,0,0,0,0,0,0,0,0,0,0,0,0,0,0,0,0,0,0,0,0,0,0,0,0,0,0,0
1,156,0.843405,1.00806,0.00383687,4.21451,0.212363,0.131431,0.00383687,1.8675,0.861146,0.34489,2.15407,0.142337,4.21451,1.59227,0.219957,1.24142,0.353118,0.050055,2.83779,0.359767,1.18655,0.944626,0.670453,0.486473,0.163031,0.557813,0.102305,0.0579812,0.0593262,0.575898,1.16102,2.5495,0.077384,0.123336
2,282,1.1621,1.26486,0.00584649,5.48446,0.263819,0.286312,0.00584649,2.39318,1.22191,0.562663,2.34826,0.47013,5.48446,1.76786,0.443382,1.33648,0.769913,0.0831611,3.91478,0.705191,1.65052,1.64804,1.05427,0.728857,0.244329,0.928974,0.238008,0.12995,0.0829427,0.874372,1.66949,3.18926,0.186745,0.179866
3,382,1.1621,1.26486,0.00584649,5.48446,0.263819,0.286312,0.00584649,2.39318,1.22191,0.562663,2.34826,0.47013,5.48446,1.76786,0.443382,1.33648,0.769913,0.0831611,3.91478,0.705191,1.65052,1.64804,1.05427,0.728857,0.244329,0.928974,0.238008,0.12995,0.0829427,0.874372,1.66949,3.18926,0.186745,0.179866
