iteration,total_runs,mean,standard_deviation,min,max,0,1,2,3,4,5,6
0,0,1.0509,1.4916,0.059866,4.35168,0.059866,1.07867,4.35168,0.413092,0.639626,0.587185,0.226196
1,103,1.49711,3.08861,0.027716,8.49196,0.027716,0.43821,8.49196,0.421802,0.474385,0.416501,0.209221
2,206,1.30388,2.42837,0.025769,6.7775,0.025769,0.464612,6.7775,0.450073,0.88738,0.313268,0.208557
3,309,1.63587,2.88116,0.038617,8.01204,0.038617,0.554728,8.01204,0.476968,1.92616,0.246361,0.196205
