iteration,total_runs,mean,standard_deviation,min,max,0,1,2,3,4,5,6,7,8,BASE
0,10,0.940533,1.25835,0.059866,4.35168,0.059866,1.07867,4.35168,0.413092,0.639626,0.587185,0.226196,0.801005,0.077797,1.17022
1,116,1.23077,2.72927,0.027865,8.96272,0.037825,0.561761,8.96272,0.39465,0.477569,0.426025,0.10834,0.8833,0.027865,0.42761
2,222,1.1491,2.27078,0.02465,7.51197,0.047713,0.691661,7.51197,0.41197,1.21493,0.31145,0.061268,0.936389,0.02465,0.279017
3,322,1.1491,2.27078,0.02465,7.51197,0.047713,0.691661,7.51197,0.41197,1.21493,0.31145,0.061268,0.936389,0.02465,0.279017
