iteration,total_runs,mean,standard_deviation,min,max,0,1,2,3,4,5,6,7,8,BASE
0,10,1.57343,1.33525,0.237839,4.47498,1.5313,1.5316,0.812385,0.237839,4.47498,0.394082,3.26027,0.603118,1.28704,1.60167
1,116,1.04856,0.968198,0.180172,2.83361,1.29253,0.803667,0.316523,0.180172,2.70474,0.253462,2.83361,0.472794,0.704063,0.924088
2,222,0.72622,0.713659,0.128719,2.55338,1.0029,0.633179,0.133429,0.128719,0.730657,0.155486,2.55338,0.379774,0.800653,0.744025
3,322,0.72622,0.713659,0.128719,2.55338,1.0029,0.633179,0.133429,0.128719,0.730657,0.155486,2.55338,0.379774,0.800653,0.744025
