iteration,total_runs,mean,standard_deviation,min,max,0,1,2,3,4,5,6,7,8,BASE
0,10,1.46326,1.37745,0.237839,4.47498,1.5313,1.5316,0.812385,0.237839,4.47498,0.394082,3.26027,0.603118,1.28704,0.5
1,116,0.977013,0.966015,0.178889,2.80647,1.27502,0.850325,0.313237,0.178889,2.58366,0.262256,2.80647,0.470051,0.731192,0.299029
2,222,0.6521,0.714404,0.129793,2.49196,0.951201,0.681335,0.142171,0.129793,0.578405,0.164568,2.49196,0.377909,0.83474,0.168921
3,322,0.6521,0.714404,0.129793,2.49196,0.951201,0.681335,0.142171,0.129793,0.578405,0.164568,2.49196,0.377909,0.83474,0.168921
