iteration,total_runs,mean,standard_deviation,min,max,0,1,2,3,4,5,6,7,8,9,10,11,12,13,14,15,16,17,18,19,20,21,22,23,24,25,26,27,28,BASE
0,30,1.56751,2.28972,0.000148,8.94901,1.02938,0.32045,0.032929,5.81521,1.30585,0.439016,7.5869,0.551642,2.59211,2.40248,0.254137,4.70701,0.427825,0.814138,2.49066,0.000148,0.359257,0.744841,0.521305,0.62969,0.192845,2.61439,0.286736,0.125325,0.465749,0.007373,0.491641,8.94901,0.36725,0.5
1,156,0.437028,0.485031,0.000914,1.70973,0.208465,0.374725,0.027234,1.52293,0.626984,0.286708,0.110489,0.405236,0.659125,0.143029,0.126184,0.053092,1.55884,0.662708,0.440849,0.17849,0.000914,0.1274,0.091205,0.347485,0.132148,1.46427,0.118373,0.119925,0.177442,0.428818,0.275626,1.70973,0.435305,0.297098
2,282,0.396906,0.447948,0.02756,1.87268,0.130792,0.424882,0.02756,0.42565,0.45266,0.172921,0.11413,0.3577,0.683245,0.177845,0.083609,0.03218,1.36865,0.622261,0.454901,0.175981,0.121801,0.119765,0.063144,0.199121,0.059597,1.87268,0.092249,0.159925,0.138573,1.12626,0.337882,1.2285,0.449725,0.233
3,382,0.396906,0.447948,0.02756,1.87268,0.130792,0.424882,0.02756,0.42565,0.45266,0.172921,0.11413,0.3577,0.683245,0.177845,0.083609,0.03218,1.36865,0.622261,0.454901,0.175981,0.121801,0.119765,0.063144,0.199121,0.059597,1.87268,0.092249,0.159925,0.138573,1.12626,0.337882,1.2285,0.449725,0.233
