iteration,total_runs,mean,standard_deviation,min,max,0,1,2,3,4,5,6,7,8,9,10,11,12,13,14,15,16,17,18,19,20,21,22,23,24,25,26,27,28,BASE
0,30,3.98791,4.04552,0.0305408,17.2999,0.884816,1.98191,0.0305408,8.19906,3.95377,2.62947,9.47785,2.18786,17.2999,6.63684,2.37165,5.34606,3.06248,0.208584,11.4077,2.11373,4.94725,4.54478,2.82036,1.99593,0.953094,4.68754,0.823149,0.495047,0.30024,2.47586,4.9856,11.3067,1.00946,0.5
1,156,3.58609,3.40663,0.0294336,14.2065,0.772554,1.9725,0.0294336,7.43671,3.86698,2.60458,7.46774,2.17916,14.2065,5.37962,2.35109,4.29124,2.9557,0.201709,10.3679,2.03655,4.7645,4.38316,2.70453,1.94724,0.941067,4.50154,0.802535,0.48069,0.268345,2.34102,4.85753,9.98749,1.00282,0.480208
2,282,1.86626,1.43877,0.021315,5.14958,0.168141,1.85238,0.021315,3.32846,2.95276,2.36233,1.39551,2.0907,4.38193,0.92152,2.14428,0.659728,2.27389,0.143242,5.14958,1.44829,2.89113,2.77604,1.57542,1.46357,0.827125,3.48562,0.637725,0.357691,0.0833672,1.14648,3.55596,4.63146,0.948676,0.313525
3,408,1.06616,1.01014,0.003135,3.79316,0.003135,1.51556,0.0142587,1.02494,1.79459,1.75508,1.04264,1.73699,3.79316,0.566433,1.69135,0.432214,1.46473,0.0866463,2.69878,1.22612,0.56196,0.452833,0.0246852,0.565754,0.514791,2.45438,0.405535,0.160658,0.0163827,0.075732,1.81097,3.15852,0.801225,0.134685
