iteration,total_runs,mean,standard_deviation,min,max,0,1,2,3,4,5,6,7,8,BASE
0,10,0.873512,1.2626,0.059866,4.35168,0.059866,1.07867,4.35168,0.413092,0.639626,0.587185,0.226196,0.801005,0.077797,0.5
1,116,1.24098,2.82498,0.025562,9.24767,0.041389,0.490528,9.24767,0.399173,0.486225,0.435625,0.102992,0.881602,0.025562,0.299029
2,222,1.11988,2.1854,0.024245,7.20846,0.060282,0.583757,7.20846,0.41893,1.42793,0.32266,0.051682,0.931957,0.024245,0.168921
3,322,1.11988,2.1854,0.024245,7.20846,0.060282,0.583757,7.20846,0.41893,1.42793,0.32266,0.051682,0.931957,0.024245,0.168921
