iteration,total_runs,mean,standard_deviation,min,max,0,1,2,3,4,5,6,7,8,9,10,11,12,13,14,15,16,17,18,19,20,21,22,23,24,25,26,27,28,BASE
0,30,3.98791,4.04552,0.0305408,17.2999,0.884816,1.98191,0.0305408,8.19906,3.95377,2.62947,9.47785,2.18786,17.2999,6.63684,2.37165,5.34606,3.06248,0.208584,11.4077,2.11373,4.94725,4.54478,2.82036,1.99593,0.953094,4.68754,0.823149,0.495047,0.30024,2.47586,4.9856,11.3067,1.00946,0.5
1,156,1.72721,1.36946,0.0196708,4.91646,0.118566,1.75254,0.0196708,3.25397,2.78816,2.31816,1.01956,2.01105,3.67718,0.533467,2.02828,0.406241,2.13842,0.137624,4.91646,1.40515,2.69113,2.52555,1.45105,1.44584,0.839336,3.11973,0.60386,0.318877,0.0639502,1.0241,3.51081,4.48721,0.91331,0.297098
2,282,1.39013,1.12964,0.0169203,3.71845,0.0534064,1.62742,0.0169203,1.76616,2.46829,2.05963,0.950359,1.86159,3.60556,0.481811,1.85763,0.364595,1.86147,0.119468,3.71845,1.36842,1.77133,1.72699,0.750743,1.09371,0.681633,2.74123,0.51817,0.241394,0.0389758,0.38652,2.81632,3.6688,0.853993,0.233
3,382,1.39013,1.12964,0.0169203,3.71845,0.0534064,1.62742,0.0169203,1.76616,2.46829,2.05963,0.950359,1.86159,3.60556,0.481811,1.85763,0.364595,1.86147,0.119468,3.71845,1.36842,1.77133,1.72699,0.750743,1.09371,0.681633,2.74123,0.51817,0.241394,0.0389758,0.38652,2.81632,3.6688,0.853993,0.233
