iteration,total_runs,mean,standard_deviation,min,max,0,1,2,3,4,5,6,7,8,BASE
0,10,0,0,0,0,0,0,0,0,0,0,0,0,0,0
1,116,0.316906,0.320611,0.071567,1.12455,0.173098,0.297664,0.128227,0.071567,1.12455,0.119366,0.560216,0.156942,0.386039,0.151392
2,222,0.970705,1.11585,0.112117,3.90532,0.785564,0.609362,0.112117,0.222891,3.90532,0.376003,1.57858,0.621517,1.05485,0.440839
3,322,0.970705,1.11585,0.112117,3.90532,0.785564,0.609362,0.112117,0.222891,3.90532,0.376003,1.57858,0.621517,1.05485,0.440839
