iteration,total_runs,mean,standard_deviation,min,max,0,1,2,3,4,5,6,7,8,9,10,11,12,13,14,15,16,17,18,19,20,21,22,23,24,25,26,27,28,BASE
0,30,1.56751,2.28972,0.000148,8.94901,1.02938,0.32045,0.032929,5.81521,1.30585,0.439016,7.5869,0.551642,2.59211,2.40248,0.254137,4.70701,0.427825,0.814138,2.49066,0.000148,0.359257,0.744841,0.521305,0.62969,0.192845,2.61439,0.286736,0.125325,0.465749,0.007373,0.491641,8.94901,0.36725,0.5
1,156,1.30278,1.85031,0.001125,7.54346,0.911376,0.325089,0.032125,5.13037,1.25111,0.424168,5.71109,0.549664,1.45935,1.66638,0.243113,3.68772,0.510058,0.800105,2.04333,0.001125,0.309853,0.679097,0.47434,0.602953,0.185481,2.3872,0.267941,0.12136,0.429106,0.016825,0.464993,7.54346,0.374336,0.480208
2,282,0.439544,0.46208,0.00401,1.6636,0.264277,0.367469,0.026962,1.57419,0.704461,0.282841,0.310725,0.514664,0.375898,0.022922,0.148369,0.246625,1.55133,0.675485,0.4537,0.158965,0.00401,0.164666,0.114464,0.356425,0.119464,1.23546,0.1312,0.107761,0.204388,0.35521,0.31561,1.6636,0.421664,0.313525
3,408,0.53244,0.726764,0.004625,3.35566,0.059816,0.502466,0.026641,0.018245,0.134705,0.042925,0.106517,0.337545,0.585296,0.14458,0.02952,0.042925,1.36404,0.543373,0.810724,0.245585,1.26283,0.755785,0.758557,0.083953,0.004625,2.08387,0.056989,0.241693,0.096001,3.35566,1.0809,0.588944,0.473785,0.134685
