real_name,STAGE,K_01,K_02,K_03,K_04,K_05,K_06,K_07,K_08,K_09,K_10
5,1,2.5,4.26143,1.27591,15.9405,1.31646,0.74453,0.64088,17.7829,3.64048,2.5
3,1,2.5,4.63744,3.71813,1.38975,0.509381,1.28729,2.69377,13.3622,1.74821,2.5
6,1,2.5,1.26031,1.80635,2.97473,0.547681,15.0939,1.85312,1.24512,2.07798,2.5
0,1,2.5,2.85148,0.937281,2.32328,0.987872,6.45718,1.17984,4.99434,1.29684,2.5
2,1,2.5,16.5666,0.280824,2.92552,0.25,2.42291,2.50013,6.74258,0.727293,2.5
4,1,2.5,25,1.87738,1.0001,0.283832,1.56217,2.80636,1.50936,0.256595,2.5
1,1,2.5,2.32796,1.54337,0.949907,1.46917,0.350999,0.928537,2.22333,5.88841,2.5
