iteration,total_runs,mean,standard_deviation,min,max,0,1,2,3,4,5,6
0,0,0,0,0,0,0,0,0,0,0,0,0
1,103,0.366503,0.488349,0.0901752,1.44097,0.0965839,0.256467,0.107371,0.0901752,1.44097,0.154116,0.419839
2,206,1.00865,1.43027,0.0997584,4.13742,0.391776,0.478282,0.0997584,0.249018,4.13742,0.421489,1.28278
3,309,1.69782,2.23279,0.241754,6.52881,1.00923,0.730529,0.241754,0.404079,6.52881,0.685369,2.285
