iteration,total_runs,mean,standard_deviation,min,max,0,1,2,3,4,5,6,7,8,BASE
0,10,0,0,0,0,0,0,0,0,0,0,0,0,0,0
1,116,0.345632,0.342299,0.0778321,1.20912,0.177256,0.319757,0.132391,0.0778321,1.20912,0.12969,0.598131,0.169036,0.421436,0.221664
2,222,1.00192,1.14423,0.144768,4.00056,0.684356,0.618265,0.144768,0.240896,4.00056,0.392193,1.67806,0.628194,1.12564,0.506315
3,322,1.00192,1.14423,0.144768,4.00056,0.684356,0.618265,0.144768,0.240896,4.00056,0.392193,1.67806,0.628194,1.12564,0.506315
